Matricula,Nombre,Grupo,Carrera,CentroUniversitario
20240001,María Morales Hernández,1A,Contaduría Pública,CUCEA
20240002,Luis Reyes Hernández,5C,Enfermería,CUCS
20240003,Ana Ortiz Ortiz,3A,Ingeniería en Computación,CUCEI
20240004,Ana Ortiz Hernández,3B,Ingeniería Industrial,CUCEI
20240005,Camila Hernández Morales,3B,Ingeniería Industrial,CUCEI
20240006,Juan Rodríguez Torres,7A,Ingeniería Industrial,CUCEI
20240007,Miguel Martínez Torres,3B,Ingeniería Industrial,CUCEI
20240008,Lucía Sánchez Reyes,3A,Ingeniería en Computación,CUCEI
20240009,Renata López Hernández,5C,Enfermería,CUCS
20240010,Raúl Ortiz Díaz,3C,Administración,CUCEA
20240011,Paola Reyes Torres,5C,Enfermería,CUCSs
20240012,Renata Ramírez López,7A,Ingeniería Industrial,CUCEI
20240013,Ricardo Díaz Castillo,7B,Enfermería,CUCS
20240014,Ana Martínez Ortiz,5C,Enfermería,CUCS
20240015,María Rojas Ortiz,1A,Contaduría Pública,CUCEA
20240016,Gabriela Díaz Díaz,5A,Ingeniería en Computación,CUCEI
20240017,Ricardo Castillo López,5C,Enfermería,CUCS
20240018,Ricardo López Hernández,5B,Contaduría Pública,CUCEA
20240019,Raúl Castillo Torres,7B,Enfermería,CUCS
20240020,Sebastián Castillo Reyes,1A,Contaduría Pública,CUCEA
20240021,Luis Rojas Hernández,5C,Enfermería,CUCS
20240022,María Ramírez Morales,5B,Contaduría Pública,CUCEA
20240023,Ana Pérez Castillo,3C,Administración,CUCEA
20240024,Valeria Rodríguez Ortiz,7B,Enfermería,CUCS
20240025,Pablo Morales Ramírez,1B,Administración,CUCEA
20240026,Carlos Rodríguez Ramírez,3A,Ingeniería en Computación,CUCEI
20240027,Ricardo Pérez Flores,5A,Ingeniería en Computación,CUCEI
20240028,María Ortiz Reyes,5A,Ingeniería en Computación,CUCEI
20240029,Renata Hernández Castillo,7A,Ingeniería Industrial,CUCEI
20240030,Karla Morales Martínez,3C,Administración,CUCEA
20240031,Juan Sánchez López,1B,Administración,CUCEA
20240032,Carlos Martínez Díaz,1B,Administración,CUCEA
20240033,Sebastián Rodríguez Martínez,5A,Ingeniería en Computación,CUCEI
20240034,Sebastián López Sánchez,7B,Enfermería,CUCS
20240035,Camila Flores Reyes,7A,Ingeniería Industrial,CUCEI
20240036,Luis Martínez Rojas,3C,Administración,CUCEA
20240037,Ricardo Torres López,1B,Administración,CUCEA
20240038,Emilio Díaz Flores,5A,Ingeniería en Computación,CUCEI
20240039,Sofía García Sánchez,7A,Ingeniería Industrial,CUCEI
20240040,Renata García Torres,3B,Ingeniería Industrial,CUCEI